"Qty";"Value";"Device";"Package";"Parts";"Description";"AVAILABILITY";"BUILT_BY";"COPYRIGHT";"DATASHEET";"DESCRIPTION";"DIGI-KEY_PART_NUMBER";"MANUFACTURER_PART_NUMBER";"MF";"MP";"PACKAGE";"POPULARITY";"PRICE";"SOURCELIBRARY";"VENDOR";
"3";"";"PINHD-1X1";"1X01";"DC-POWER, P5, VCC12VDC";"PIN HEADER";"";"";"";"";"";"";"";"";"";"";"64";"";"";"";
"2";"06031A330GAT2A";"06031A330GAT2A";"CAP_0603G_AVX";"C14, C17";"";"";"EMA_UL_Team";"Copyright (C) 2018 Accelerated Designs. All rights reserved";"";"";"";"06031A330GAT2A";"";"";"";"";"";"AVX_2016-12-14_1";"AVX Corporation";
"1";"142-0701-201";"142-0701-201";"JOHNSON_142-0701-201";"S3";"Johnson Components 142-0701-201 / Conn Recept Straight Pcb .155"" Check prices";"In Stock";"";"";"";" SMA Connector Jack, Female Socket 50Ohm Through Hole Solder ";"";"";"Cinch Connectivity Solutions Johnson";"142-0701-201";"None";"";"None";"";"";
"6";"1N4148WX-TP";"1N4148WX-TP";"CR_SOD323_MCC";"D2, D3, D4, D5, D6, D7";"";"";"EMA_Cory";"Copyright (C) 2018 Accelerated Designs. All rights reserved";"https://www.mccsemi.com/pdf/Products/1N4148WX(SOD323).pdf";"";"";"1N4148WX-TP";"";"";"";"";"";"MCC_2020-05-08";"Micro Commercial Co";
"7";"AISC-1008-4R7J-T";"AISC-1008-4R7J-T";"AISC-1008_ABR";"L1, L2, L3, L4, L5, L6, L7";"";"";"EMA_UL_Team";"";"";"";"";"AISC-1008-4R7J-T";"";"";"";"";"";"Abracon_2013_02_05_AISC-1008_Series";"Abracon";
"11";"C1206C104G5JAC7800";"C1206C104G5JAC7800";"CAPC340180_135N_KEM";"C2, C3, C5, C6, C8, C9, C11, C12, C13, C15, C16";"";"";"EMA_Frank";"";"";"";"";"C1206C104G5JAC7800";"";"";"";"";"";"Kemet_2020-03-25_1a";"Kemet";
"1";"DIOM5436X247N";"DIOM5436X247N";"DIOM5436X247N";"D1";"";"";"";"";"";"";"";"";"";"";"";"";"";"";"";
"2";"ECJ-3FB2J102K";"ECJ-3FB2J102K";"CC1206_3_PAN";"C4, C7";"";"";"EMA_UL_Team";"";"";"";"";"ECJ-3FB2J102K";"";"";"";"";"";"Panasonic_2014-06-20";"Panasonic";
"1";"ERJ-1TNF95R3U";"ERJ-1TNF95R3U";"RC2512N_PAN";"R6";"";"";"EMA_UL_Team";"";"";"";"";"ERJ-1TNF95R3U";"";"";"";"";"";"Panasonic_2010-01-01_Res3";"Panasonic";
"2";"ERJ-1TYJ910U";"ERJ-1TYJ910U";"RC2512N_PAN";"R1, R2";"";"";"EMA_UL_Team";"";"";"";"";"ERJ-1TYJ910U";"";"";"";"";"";"Panasonic_2010-01-01_Res4";"Panasonic";
"1";"ERJ-8GEYJ471V";"ERJ-8GEYJ471V";"RC1206N_PAN";"R5";"";"";"EMA_UL_Team";"";"";"";"";"ERJ-8GEYJ471V";"";"";"";"";"";"Panasonic_2010-01-01_Res7";"Panasonic";
"1";"ERJ-8GEYJ472V";"ERJ-8GEYJ472V";"RC1206N_PAN";"R4";"";"";"EMA_UL_Team";"";"";"";"";"ERJ-8GEYJ472V";"";"";"";"";"";"Panasonic_2010-01-01_Res7";"Panasonic";
"1";"ERJ-P08J510V";"ERJ-P08J510V";"RC1206N_PAN";"R3";"";"";"EMA_UL_Team";"";"";"";"";"ERJ-P08J510V";"";"";"";"";"";"Panasonic_2010-01-01_Res8";"Panasonic";
"2";"F931E106MCC";"F931E106MCC";"F93-C_AVX";"C1, C10";"";"";"EMA_UL_Team";"Copyright (C) 2018 Accelerated Designs. All rights reserved";"";"";"";"F931E106MCC";"";"";"";"";"";"AVX_2015-1-12";"AVX Corporation";
"1";"GALI64";"GALI64";"DF782";"U4";"MiniCircuits GALI-74+ amplifier Check prices";"In Stock";"";"";"";" RF Amplifier IC Cellular 0Hz ~ 1GHz SOT-89 ";"";"";"Mini-Circuits";"GALI-74+";"None";"";"None";"";"";
"2";"GALI74";"GALI74";"DF782";"U1, U2";"MiniCircuits GALI-74+ amplifier Check prices";"In Stock";"";"";"";" RF Amplifier IC Cellular 0Hz ~ 1GHz SOT-89 ";"";"";"Mini-Circuits";"GALI-74+";"None";"";"None";"";"";
"1";"GDTI";"GDTI";"GDTI";"U$8";"";"";"";"";"";"";"";"";"";"";"";"";"";"";"";
"1";"GND";"PINHD-1X1";"1X01";"P1";"PIN HEADER";"";"";"";"";"";"";"";"";"";"";"64";"";"";"";
"1";"HX62A";"HX62A";"HX62A";"U$7";"";"";"";"";"";"";"";"";"";"";"";"";"";"";"";
"3";"HZ0805C202R-10";"HZ0805C202R-10";"FB_HZ0805C202R-10";"FB1, FB2, FB3";"";"";"";"";"";" 2 kOhms @ 100MHz 1 Signal Line Ferrite Bead 0805 (2012 Metric) 300mA 500mOhm ";"240-2396-1-ND";"";"Laird-Signal Integrity";"HZ0805C202R-10";"0805 Laird";"";"";"";"";
"2";"JMP1,JMP2";"JMP1,JMP2";"JMP1,JMP2";"U$5, U$6";"";"";"";"";"";"";"";"";"";"";"";"";"";"";"";
"1";"LM1085IS-12";"LM1085IS-12";"TO254P1435X457-3N";"U3";"Low Dropout Positive Regulators";"";"";"";"";" Linear Voltage Regulator IC Positive Fixed 1 Output 3A DDPAK/TO-263-3 ";"LM1085IS-12/NOPB-ND";"";"Texas Instruments";"LM1085IS-12";"TO-263 Texas Instruments";"";"";"";"";
"4";"P";"P";"P";"U$1, U$2, U$3, U$4";"";"";"";"";"";"";"";"";"";"";"";"";"";"";"";
"1";"SML-LX1206SIC-TR";"SML-LX1206SIC-TR";"LED_SML-LX1206SIC-TR_LUM";"D8";"";"";"EMA_Cory";"Copyright (C) 2018 Accelerated Designs. All rights reserved";"https://www.lumex.com/datasheet/SML-LX1206SIC-TR";"";"";"SML-LX1206SIC-TR";"";"";"";"";"";"Add_to_database_2020-12-14";"Lumex";
